workload,variant,structure,n,time_ms,steps,moves,comparisons
W1,-,DynamicArray,100,0.352600,10000,0,0
W1,-,MyLinkedList,100,0.914000,501508,0,0
W2,-,DynamicArray,100,0.500300,75572,0,75572
W2,-,MyLinkedList,100,0.955400,75072,0,75572
W3,head,DynamicArray,100,0.408800,1201120,1200120,0
W3,head,MyLinkedList,100,0.075100,1000,3000,0
W3,middle,DynamicArray,100,0.418400,1101120,1100120,0
W3,middle,MyLinkedList,100,0.239900,99000,3000,0
W4,-,MinHeap,100,0.163600,3437,1267,1035
W1,-,DynamicArray,1000,0.120200,10000,0,0
W1,-,MyLinkedList,1000,9.623100,5005208,0,0
W2,-,DynamicArray,1000,0.437200,752172,0,752172
W2,-,MyLinkedList,1000,2.163300,751672,0,752172
W3,head,DynamicArray,1000,0.884600,3001280,3000280,0
W3,head,MyLinkedList,1000,0.028000,1000,3000,0
W3,middle,DynamicArray,1000,1.142300,2001280,2000280,0
W3,middle,MyLinkedList,1000,1.959800,999000,3000,0
W4,-,MinHeap,1000,0.386200,54915,19463,17226
W1,-,DynamicArray,10000,0.042500,10000,0,0
W1,-,MyLinkedList,10000,106.727300,50129208,0,0
W2,-,DynamicArray,10000,4.891600,7399384,0,7399384
W2,-,MyLinkedList,10000,22.045700,7398884,0,7399384
W3,head,DynamicArray,10000,5.880400,21010240,21009240,0
W3,head,MyLinkedList,10000,0.017900,1000,3000,0
W3,middle,DynamicArray,10000,3.063500,11010240,11009240,0
W3,middle,MyLinkedList,10000,19.853200,9999000,3000,0
W4,-,MinHeap,10000,1.802200,747983,259325,239329
W1,-,DynamicArray,100000,0.035600,10000,0,0
W1,-,MyLinkedList,100000,1241.305000,502489208,0,0
W2,-,DynamicArray,100000,36.751500,73728608,0,73728608
W2,-,MyLinkedList,100000,110.537200,73728108,0,73728608
W3,head,DynamicArray,100000,33.993800,201000000,200999000,0
W3,head,MyLinkedList,100000,0.005200,1000,3000,0
W3,middle,DynamicArray,100000,18.364900,101000000,100999000,0
W3,middle,MyLinkedList,100000,139.412200,99999000,3000,0
W4,-,MinHeap,100000,12.640800,9538439,3320189,3059125
